Title,Price (PKR),Rating,RatingCount,Last Delivery
I will create a python machine learning project with data and feature engineering,"27,570",5.0,20,2024-11-16 14:13:27.818158
"I will be your machine learning, artificial intelligence engineer","58,042",5.0,7,2024-11-14 14:13:28.071361
I will do machine learning data science data engineering tasks,,5.0,17,2024-11-17 14:13:28.296576
I will be your machine learning engineer in tensorflow and pytorch,"29,021",N/A,N/A,2024-10-26 14:13:28.463227
I will be your ml engineer for your ai or ml project,"5,805",N/A,N/A,2024-11-07 14:13:28.628936
I will expert machine learning engineer for your data driven success,"27,570",3.0,2,2024-11-11 14:13:28.837211
I will your machine learning engineer with best expertise,"29,021",5.0,3,2024-11-06 14:13:29.059897
"I will be your machine learning, deep learning ,nlp, CV engineer","26,119",N/A,N/A,2024-11-16 14:13:29.244647
"I will do software engineering, artificial intelligence and machine learning case study","2,903",N/A,N/A,2024-11-05 14:13:29.439622
I will be your ai and ml engineer,"26,119",N/A,N/A,2024-11-13 14:13:29.625965
"I will do python data science, machine learning and data engineering projects","26,119",5.0,5,2024-11-02 14:13:29.863825
I will be your machine learning engineer to build your ai projects,"27,570",5.0,29,2024-11-13 14:13:30.122049
"I will write tech resume for machine learning devops engineer, data scientist, analyst","4,354",N/A,N/A,2024-10-22 14:13:30.340212
I will be your machine learning engineer and ai expert,"29,021",5.0,1,2024-11-07 14:13:30.594122
I will write data science resume senior software developer engineer machine learning IT,"5,805",N/A,N/A,2024-10-26 14:13:30.786700
I will be your professional machine learning engineer,"58,042",5.0,1,2024-11-09 14:13:31.044966
I will be your expert ai and machine learning engineer,"29,021",N/A,N/A,2024-10-21 14:13:31.212272
I will do python machine learning and data engineering project,"1,452",N/A,N/A,2024-10-22 14:13:31.402722
"I will be your expert machine learning, nlp, data science engineer","43,532",N/A,N/A,2024-10-21 14:13:31.575810
"I will be your expert in machine learning, deep learning, and data engineering","26,119",N/A,N/A,2024-11-07 14:13:31.751815
"I will do data engineering, data science and machine learning using python","26,119",N/A,N/A,2024-11-16 14:13:31.939770
I will be your machine learning and deep learning engineer,"29,021",N/A,N/A,2024-11-07 14:13:32.131955
I will provide professional machine learning and feature engineering services,"4,354",N/A,N/A,2024-11-03 14:13:32.290140
I will be your machine learning engineer and do machine learning projects in python,"4,354",N/A,N/A,2024-10-27 14:13:32.464713
I will build end to end pipelines for machine learning engineering mlops,"26,119",N/A,N/A,2024-11-18 14:13:32.628432
I will do machine learning engineer,"60,944",N/A,N/A,2024-10-29 14:13:32.854562
I will be your expert machine learning engineer,"20,315",N/A,N/A,2024-11-14 14:13:33.021239
I will be your personal data scientist and machine learning engineer,"11,609",N/A,N/A,2024-11-10 14:13:33.228138
"I will help you in machine,deep learning ,and prompt engineering projects","14,511",N/A,N/A,2024-10-27 14:13:33.429744
"I will python, develop machine learning models and software reverse engineering","72,552",N/A,N/A,2024-11-08 14:13:33.626426
"I will do data engineering, data science and machine learning with python","14,511",N/A,N/A,2024-11-14 14:13:33.812346
"I will be python programmer data scientist, ai ,ml engineer",,5.0,1,2024-11-16 14:13:34.036777
"I will write cyber security resume, web designer, machine learning, devops engineer CV","4,354",N/A,N/A,2024-11-13 14:13:34.211476
"I will expert data scientist, machine learning engineer train custom models in python",,N/A,N/A,2024-11-15 14:13:34.385733
"I will do ai, machine learning, data analysis, feature engineering projects in python","29,021",N/A,N/A,2024-11-15 14:13:34.591315
I will be your data scientist and ml engineer,"29,021",N/A,N/A,2024-11-03 14:13:34.852948
"I will write machine learning resume, data scientist solutions architect ai engineer CV","4,354",5.0,13,2024-10-20 14:13:35.024651
"I will do essays on machine learning, data visualization and data engineering","2,903",N/A,N/A,2024-10-30 14:13:35.193377
I will create a python machine learning project with data and feature engineering,"11,609",N/A,N/A,2024-11-12 14:13:35.355788
I will create machine learning or deep learning models with feature engineering,"8,707",N/A,N/A,2024-11-04 14:13:35.505909
"I will be your machine learning and ai engineer,data science and data engineering task","26,119",N/A,N/A,2024-10-31 14:13:35.666396
I will be your data scientist machine learning engineer,,N/A,N/A,2024-11-10 14:13:35.821806
"I will do data analysis,machine learning,data engineering with phython","1,452",N/A,N/A,2024-10-31 14:13:35.989861
I will be your machine learning engineer,"108,828",,,2024-10-22 14:13:36.214332
